predicted,observed,n,stage
0.0017903885759267119,9.470384888382828e-05,39274,raw
0.11643918005673703,0.005097096951959702,346,raw
0.2044102887565181,0.012049191042827749,135,raw
0.28749305188579355,0.014066081450958919,100,raw
0.3711381099337919,0.019244408921725974,52,raw
0.4549738350653313,0.025578843649726516,61,raw
0.5428557899428414,0.024362216849640045,54,raw
0.6233643726392974,0.061765359033570055,72,raw
0.6996903089378693,0.059587173939517554,51,raw
0.7905585725128377,0.07850548825862025,67,raw
0.8795973453910564,0.2084385841709728,111,raw
0.994226048927845,0.9338612735405031,6350,raw
0.0017903885759267119,9.470384888382828e-05,39274,final
0.11643918005673703,0.005097096951959702,346,final
0.2044102887565181,0.012049191042827749,135,final
0.28749305188579355,0.014066081450958919,100,final
0.3711381099337919,0.019244408921725974,52,final
0.4549738350653313,0.025578843649726516,61,final
0.5428557899428414,0.024362216849640045,54,final
0.6233643726392974,0.061765359033570055,72,final
0.6996903089378693,0.059587173939517554,51,final
0.7905585725128377,0.07850548825862025,67,final
0.8795973453910564,0.2084385841709728,111,final
0.994226048927845,0.9338612735405031,6350,final
