scene,scenario,subtype,clips
0,0,browse,22746
0,0,bulk_buyer,7318
0,0,carry_in_hand,10467
0,0,own_bag_adjust,9619
0,0,phone_or_pocket,12689
0,0,pick_and_return,14633
0,0,pick_to_basket,40167
0,0,scan_and_go,8900
0,0,staff_restock,7886
0,1,concealment_bag,5427
0,2,concealment_clothing,5345
0,3,shelf_sweep,4415
1,0,sco_markdown,3058
1,0,sco_multibuy,3106
1,0,sco_normal,12634
1,0,sco_own_bag,3507
1,0,sco_produce,4355
1,0,sco_rescan,4216
1,0,sco_void,2316
1,4,skip_scan,5273
1,5,ticket_switch,4219
2,0,till_bulky,3182
2,0,till_multibuy,3096
2,0,till_normal,12648
2,0,till_rescan,2770
2,6,sweethearting,4144
3,0,exit_collection,1336
3,0,exit_no_purchase,5484
3,0,exit_paid_sco,6622
3,0,exit_paid_till,11075
3,0,exit_staff,1873
3,7,push_out,5474
