threshold,alerts,false_alerts,value_at_risk_gbp,value_flagged_gbp,share_of_value_flagged,recovered_gbp,review_cost_gbp,net_value_gbp,alerts_per_store_day,net_value_per_store_year_gbp
0.02,4699.5,4202.9,42971.0,42846.0,0.9971,12854.0,3376.0,9478.0,94.0,69002.0
0.04,3301.0,2806.9,42971.0,42749.0,0.9948,12825.0,2328.0,10497.0,66.0,76420.0
0.06,2533.8,2041.4,42971.0,42683.0,0.9933,12805.0,1753.0,11052.0,50.7,80461.0
0.08,2101.7,1611.1,42971.0,42616.0,0.9917,12785.0,1429.0,11356.0,42.0,82670.0
0.1,1825.8,1335.9,42971.0,42595.0,0.9912,12778.0,1222.0,11556.0,36.5,84127.0
0.12000000000000001,1607.3,1118.3,42971.0,42547.0,0.9901,12764.0,1059.0,11705.0,32.1,85214.0
0.13999999999999999,1468.6,980.7,42971.0,42424.0,0.9873,12727.0,955.0,11772.0,29.4,85700.0
0.16,1347.7,860.6,42971.0,42317.0,0.9848,12695.0,865.0,11830.0,27.0,86125.0
0.18,1274.6,788.0,42971.0,42266.0,0.9836,12680.0,810.0,11870.0,25.5,86412.0
0.19999999999999998,1208.4,723.0,42971.0,42175.0,0.9815,12652.0,761.0,11892.0,24.2,86572.0
0.22,1137.8,652.9,42971.0,42155.0,0.981,12647.0,708.0,11939.0,22.8,86914.0
0.24,1099.5,615.4,42971.0,42097.0,0.9797,12629.0,679.0,11950.0,22.0,86994.0
0.26,1051.4,567.9,42971.0,42045.0,0.9784,12613.0,644.0,11970.0,21.0,87141.0
0.28,998.1,515.3,42971.0,41958.0,0.9764,12587.0,604.0,11984.0,20.0,87240.0
0.30000000000000004,959.9,477.8,42971.0,41893.0,0.9749,12568.0,575.0,11992.0,19.2,87305.0
0.32,924.5,442.8,42971.0,41844.0,0.9738,12553.0,549.0,12004.0,18.5,87391.0
0.34,906.7,425.3,42971.0,41815.0,0.9731,12544.0,536.0,12009.0,18.1,87424.0
0.36000000000000004,881.1,400.3,42971.0,41808.0,0.9729,12542.0,517.0,12026.0,17.6,87548.0
0.38,858.2,377.8,42971.0,41783.0,0.9724,12535.0,500.0,12036.0,17.2,87618.0
0.4,835.2,355.2,42971.0,41776.0,0.9722,12533.0,482.0,12050.0,16.7,87728.0
0.42000000000000004,822.4,342.7,42971.0,41761.0,0.9718,12528.0,473.0,12055.0,16.4,87763.0
0.44,806.7,327.7,42971.0,41738.0,0.9713,12521.0,461.0,12060.0,16.1,87797.0
0.46,783.7,305.2,42971.0,41717.0,0.9708,12515.0,444.0,12071.0,15.7,87876.0
0.48000000000000004,758.1,280.2,42971.0,41687.0,0.9701,12506.0,425.0,12081.0,15.2,87950.0
0.5,747.7,270.2,42971.0,41672.0,0.9698,12501.0,418.0,12084.0,15.0,87971.0
0.52,729.0,252.7,42971.0,41614.0,0.9684,12484.0,404.0,12080.0,14.6,87944.0
0.54,711.0,235.2,42971.0,41598.0,0.968,12479.0,391.0,12089.0,14.2,88006.0
0.56,695.7,220.1,42971.0,41593.0,0.9679,12478.0,379.0,12099.0,13.9,88078.0
0.5800000000000001,670.0,195.1,42971.0,41578.0,0.9676,12473.0,360.0,12113.0,13.4,88184.0
0.6,662.0,187.6,42971.0,41569.0,0.9674,12471.0,354.0,12117.0,13.2,88208.0
0.62,648.0,175.1,42971.0,41485.0,0.9654,12445.0,344.0,12101.0,13.0,88097.0
0.64,629.8,157.6,42971.0,41458.0,0.9648,12437.0,331.0,12107.0,12.6,88137.0
0.66,619.0,147.6,42971.0,41429.0,0.9641,12429.0,323.0,12106.0,12.4,88131.0
0.68,603.5,132.6,42971.0,41413.0,0.9637,12424.0,311.0,12112.0,12.1,88178.0
0.7000000000000001,595.7,125.1,42971.0,41385.0,0.9631,12415.0,306.0,12110.0,11.9,88160.0
0.7200000000000001,579.7,110.1,42971.0,41332.0,0.9619,12400.0,294.0,12106.0,11.6,88130.0
0.74,571.4,102.6,42971.0,41248.0,0.9599,12374.0,288.0,12086.0,11.4,87989.0
0.76,565.6,97.6,42971.0,41226.0,0.9594,12368.0,284.0,12084.0,11.3,87972.0
0.78,557.6,90.1,42971.0,41189.0,0.9585,12357.0,278.0,12079.0,11.2,87933.0
0.8,536.6,70.0,42971.0,41145.0,0.9575,12343.0,263.0,12081.0,10.7,87950.0
0.8200000000000001,528.3,62.5,42971.0,41113.0,0.9568,12334.0,256.0,12077.0,10.6,87923.0
0.8400000000000001,519.2,55.0,42971.0,41051.0,0.9553,12315.0,250.0,12065.0,10.4,87835.0
0.86,517.1,55.0,42971.0,40963.0,0.9533,12289.0,249.0,12040.0,10.3,87648.0
0.88,510.3,50.0,42971.0,40843.0,0.9505,12253.0,245.0,12008.0,10.2,87419.0
0.9,498.7,40.0,42971.0,40741.0,0.9481,12222.0,236.0,11986.0,10.0,87258.0
0.91,492.1,35.0,42971.0,40677.0,0.9466,12203.0,232.0,11971.0,9.8,87150.0
0.915,488.8,32.5,42971.0,40649.0,0.946,12195.0,230.0,11965.0,9.8,87106.0
0.92,488.0,32.5,42971.0,40581.0,0.9444,12174.0,229.0,11945.0,9.8,86958.0
0.925,479.4,25.0,42971.0,40537.0,0.9434,12161.0,223.0,11938.0,9.6,86908.0
0.93,473.8,20.0,42971.0,40509.0,0.9427,12153.0,219.0,11934.0,9.5,86877.0
0.935,470.5,17.5,42971.0,40472.0,0.9418,12141.0,217.0,11925.0,9.4,86811.0
0.9400000000000001,469.8,17.5,42971.0,40432.0,0.9409,12130.0,217.0,11913.0,9.4,86725.0
0.9450000000000001,466.0,15.0,42971.0,40393.0,0.94,12118.0,214.0,11904.0,9.3,86659.0
0.95,465.0,15.0,42971.0,40356.0,0.9391,12107.0,214.0,11893.0,9.3,86581.0
0.955,461.1,12.5,42971.0,40291.0,0.9376,12087.0,211.0,11876.0,9.2,86457.0
0.96,459.3,12.5,42971.0,40248.0,0.9366,12074.0,210.0,11864.0,9.2,86369.0
0.965,457.3,12.5,42971.0,40180.0,0.935,12054.0,210.0,11845.0,9.1,86228.0
0.97,452.2,10.0,42971.0,40064.0,0.9323,12019.0,206.0,11813.0,9.0,85997.0
0.975,447.1,7.5,42971.0,39972.0,0.9302,11992.0,203.0,11788.0,8.9,85818.0
0.98,443.2,7.5,42971.0,39691.0,0.9237,11907.0,202.0,11706.0,8.9,85217.0
0.985,436.3,5.0,42971.0,39546.0,0.9203,11864.0,198.0,11666.0,8.7,84928.0
0.99,427.9,2.5,42971.0,39248.0,0.9134,11775.0,193.0,11581.0,8.6,84311.0
0.995,412.9,2.5,42971.0,38510.0,0.8962,11553.0,187.0,11366.0,8.3,82748.0
