subtype,clips,false_alerts,rate_per_1000
exit_collection,247,5,20.242914979757085
sco_multibuy,580,1,1.7241379310344827
sco_normal,2790,3,1.075268817204301
phone_or_pocket,2373,2,0.8428150021070375
own_bag_adjust,1801,1,0.5552470849528041
carry_in_hand,2206,1,0.45330915684496825
till_normal,2221,1,0.45024763619990993
exit_paid_till,2244,1,0.44563279857397503
pick_and_return,2507,1,0.39888312724371755
pick_to_basket,6900,2,0.2898550724637681
browse,3690,1,0.27100271002710025
bulk_buyer,1576,0,0.0
exit_no_purchase,1096,0,0.0
exit_staff,353,0,0.0
exit_paid_sco,1333,0,0.0
sco_markdown,515,0,0.0
scan_and_go,1687,0,0.0
sco_own_bag,676,0,0.0
sco_produce,764,0,0.0
sco_void,412,0,0.0
sco_rescan,691,0,0.0
staff_restock,1358,0,0.0
till_bulky,657,0,0.0
till_multibuy,538,0,0.0
till_rescan,558,0,0.0
