feature,importance
near_waist_frac,0.22111809081848866
scene_self_checkout,0.10225880207607634
scene_exit,0.09250664878464272
face_visible_frac,0.08999201645467884
item_frames_frac,0.06506486408412895
min_pick_interval_s,0.06225341143723796
unscanned_bagging,0.043680443363408775
flow_gap,0.04337120491195261
container_start,0.041020659141004626
unaccounted_items,0.03657207127034218
scan_match_min,0.03245411932420936
hands_together_frac,0.03167332722621369
checkout_dwell_s,0.02418020768213425
price_ratio_min,0.018179113066015957
container_max,0.014141191537070209
glance_count,0.009750787094068961
vanish_unexplained,0.007950614540823676
near_bag_frac,0.006746079712112118
scene_staffed_till,0.0057621251114160395
speed_mean,0.005716187536571455
pos_voids,0.005292897280619078
pos_total,0.00483647444234343
mean_hold_s,0.004366919778630133
width_mean,0.004147008235817273
container_gain,0.00400167517010629
scans_per_transfer,0.003593874208012899
pos_events,0.0035221909108965437
yaw_abs_p90,0.0032563080848406235
item_onsets,0.0029125833211562195
hand_item_end,0.002612008416987898
still_frac,0.0022196598054302387
scan_dwell_mean_s,0.0021924354428410585
suspect_scans,0.0021824961234909353
vanish_unexplained_near_bag,0.0021649977991873397
bag_present,0.001844730028910519
shelf_picks,0.0018273768062555783
container_present,0.0017434970559754778
txn_linked,0.0016838226112560334
speed_max,0.0016247998646773468
width_min,0.0014907162816035352
bypass_transfers,0.0011918213843312396
vanish_total,0.001115019076915559
arm_occluded_frac,0.0010865610612090203
bagging_gain,0.0010201442398245879
kp_conf_mean,0.000865837473259707
scene_aisle,0.0006157623194256237
width_range,0.0005960112839254149
eas_any,0.0005869314293118003
vanish_near_bag,0.0005722313303526405
quick_pass_transfers,0.0005275812090656147
shelf_returns,0.0004434066267707988
transfers,0.0003533209344646661
vanish_unexplained_near_waist,0.00027253078903650974
vanish_near_waist,0.0002497793152803629
reach_count,0.00022392283369838256
scan_before_bag,0.00016948076493840045
scan_match_mean,0.0001029719164780743
path_length,6.433390877108591e-07
low_price_scans,3.3430200630998885e-07
low_match_scans,0.0
reached_exit,0.0
reach_frac,-0.0003572505661716824
