slice,clips,theft_recall,false_alerts_per_1000_normal,dimension
hd,17368,0.9386094674556213,0.20458265139116205,camera_quality
low_light,11466,0.8652094717668488,1.120277013952541,camera_quality
sd,17839,0.9211455472734406,0.3270111183780249,camera_quality
busy,18942,0.9116620111731844,0.6219679064560268,crowding
crowded,10907,0.9006289308176101,0.5366534292154127,crowding
quiet,16824,0.9272281275551921,0.2782028098483795,crowding
convenience,12140,0.9125896934116112,0.3771094560196097,store_format
supermarket,21713,0.9046541693600517,0.6445029271174606,store_format
superstore,12820,0.9296084469863617,0.2844410732909832,store_format
